ORF,Amino Acids,Start Index in Genome,End Index in Genome,Hits
"ORF1ab,surface glycoprotein","ADAGFIKQY,AELEGIQY,LADAGFIKQY,TLADAGFIK",533,24073,112
ORF1ab,"GEIPVAYRKVLL,VPHVGEIPVAY",587,634,721
ORF1ab,SEVGPEHSLAEY,1391,1426,325
ORF1ab,"AIILASFSA,ILASFSAST",1685,1717,15
ORF1ab,TSDLATNNLVVMAY,2024,2065,74
ORF1ab,"APKEIIFL,KEIIFLEGETL",2468,2506,2532
ORF1ab,"EEEFEPSTQYEY,GDCEEEEFEPSTQY",3065,3112,25
ORF1ab,KPLEFGATSAAL,3137,3172,741
ORF1ab,YLKLTDNVYIK,3356,3388,30
ORF1ab,LLSAGIFGA,3707,3733,52
"ORF1ab,ORF3a","AEIPKEEVKPF,ASKIITLKK,SASKIITLK",3875,25593,239
ORF1ab,"ALRKVPTDNYITTY,KVPTDNYITTY",4211,4252,829
ORF1ab,"ILGTVSWNL,SNEKQEILGTVSW",4346,4390,779
ORF1ab,HTTDPSFLGRY,5171,5203,12850
ORF1ab,FLGRYMSAL,5189,5215,9
ORF1ab,YYRARAGEAANF,5360,5395,22
ORF1ab,"ITDVFYKENSY,SEYKGPITDVFY",5834,5884,380
ORF1ab,FTEQPIDLVPNQPY,5984,6025,10
ORF1ab,FADDLNQLTGY,6074,6106,93
ORF1ab,ITEEVGHTDLMAAY,6521,6562,241
ORF1ab,NSRIKASM,6824,6847,4
ORF1ab,ASFNYLKSPNFSK,6902,6940,7
ORF1ab,AYILFTRFFYV,7253,7285,255
ORF1ab,YIFFASFYY,7415,7441,635
ORF1ab,"QLMCQPILL,QLMCQPILLL",7952,7981,1222
ORF1ab,SSTFNVPMEKLK,8060,8095,93
ORF1ab,"AEAELAKNVSL,AELAKNVSLDNVL",8111,8155,1918
ORF1ab,HTDFSSEIIGY,8660,8692,58
ORF1ab,FLPRVFSAV,8915,8941,1589
ORF1ab,TFYLTNDVSFL,9602,9634,55
ORF1ab,FLLNKEMYL,9812,9838,88
ORF1ab,AVLQSGFRK,10043,10069,15
ORF1ab,IQPGQTFSV,10370,10396,8
ORF1ab,FLNGSCGSV,10472,10498,5026
ORF1ab,VLAWLYAAV,10664,10690,265
ORF1ab,FLNRFTTTL,10709,10735,243
ORF1ab,"FLCLFLLPSL,FLLPSLATV",11168,11206,360
ORF1ab,MPASWVMRI,11228,11254,865
ORF1ab,NYSGVVTTVMF,11492,11524,73
ORF1ab,"GVYDYLVST,TLGVYDYLV",11684,11716,106
ORF1ab,FRYMNSQGL,11723,11749,26
ORF1ab,KLWAQCVQL,11921,11947,779
ORF1ab,FTYASALWEI,12530,12559,69
ORF1ab,ALWEIQQVV,12545,12571,5
ORF1ab,SEISMDNSPNL,12599,12631,213
ORF1ab,ALRANSAVK,12653,12679,21
ORF1ab,"TVLSFCAFA,VLSFCAFAV",13058,13087,1136
ORF1ab,"TMADLVYAL,YTMADLVYA",13805,13834,419
ORF1ab,LLMPILTLT,14159,14185,124
ORF1ab,ILHCANFNV,14360,14386,385
ORF1ab,FPPTSFGPL,14402,14428,700
ORF1ab,FVDGVPFVV,14441,14467,5588
ORF1ab,ISDYDYYRY,14789,14815,74
ORF1ab,RQLLFVVEV,14840,14866,1481
ORF1ab,VVDKYFDCY,14864,14890,8
ORF1ab,RLYYDSMSY,14978,15004,28
ORF1ab,ATVVIGTSK,15194,15220,44
ORF1ab,NMLRIMASL,15323,15349,5
ORF1ab,"MVMCGGSLYV,VMCGGSLYV",15437,15466,937
ORF1ab,"DTDFVNEFYAY,NRDVDTDFVNEFY",15641,15685,387
ORF1ab,LSDDAVVCFNSTY,15713,15751,25
ORF1ab,RILGAGCFV,15947,15973,39
ORF1ab,LMIERFVSL,16001,16027,2
ORF1ab,VLQAVGACV,16229,16255,32
ORF1ab,LVLSVNPYV,16358,16384,112
ORF1ab,KLFAAETLK,16628,16654,18
ORF1ab,KLSYGIATV,16673,16699,4855
ORF1ab,VVYRGTTTY,16862,16888,229
ORF1ab,KLNVGDYFV,16889,16915,381
ORF1ab,TLVPQEHYV,16952,16978,284
ORF1ab,SSNVANYQK,17024,17050,113
ORF1ab,YQKVGMQKY,17042,17068,3
ORF1ab,YVFCTVNAL,17300,17326,25
ORF1ab,IVDTVSALV,17579,17605,124
ORF1ab,ILGLPTQTV,17810,17836,458
ORF1ab,IPRRNVATL,18011,18037,73
ORF1ab,LQLGFSTGV,18359,18385,16
ORF1ab,VLWAHGFEL,18590,18616,1575
ORF1ab,AIMTRCLAV,18860,18886,34
ORF1ab,ALLADKFPV,18998,19024,50
ORF1ab,YLDAYNMMI,19520,19546,536
ORF1ab,MMISAGFSL,19538,19564,51
ORF1ab,KQFDTYNLW,19574,19600,8
ORF1ab,NLWNTFTRL,19592,19618,44
ORF1ab,TTLPVNVAF,19760,19786,46
"envelope,ORF1ab","APAHISTI,LIVNSVLLFL,LLFLAFVVFL,SVLLFLAFV",19895,26325,1587
ORF1ab,"LLDDFVEII,LLLDDFVEI",20510,20539,2128
ORF1ab,MLWCKDGHV,20609,20635,9
ORF1ab,GVAMPNLYK,20681,20707,55
ORF1ab,KMQRMLLEK,20705,20731,20
ORF1ab,YLNTLTLAV,20816,20842,886
ORF1ab,TLIGDCATV,20987,21013,890
surface glycoprotein,NLTTRTQL,21611,21634,3
surface glycoprotein,LPPAYTNSF,21632,21658,146
surface glycoprotein,"KVFRSSVLH,VYYPDKVFR,YPDKVFRSS,YPDKVFRSSV",21668,21709,123
surface glycoprotein,"STQDLFLPFF,TQDLFLPFF",21710,21739,155
surface glycoprotein,"FFSNVTWFH,FLPFFSNVT,LPFFSNVTW,LPFFSNVTWF,PFFSNVTWF,SNVTWFHAI",21725,21766,839
surface glycoprotein,RFDNPVLPF,21794,21820,13
surface glycoprotein,"DGVYFASTEK,GVYFASTEK,LPFNDGVYF,LPFNDGVYFA,VLPFNDGVY,VLPFNDGVYF",21809,21853,1527
surface glycoprotein,TEKSNIIRGW,21845,21874,39
surface glycoprotein,WIFGTTLDSK,21872,21901,5
surface glycoprotein,TLDSKTQSL,21887,21913,171
surface glycoprotein,"CNDPFLGVY,CNDPFLGVYY,FCNDPFLGVY",21965,21997,228
"membrane glycoprotein,surface glycoprotein","GVYYHKNNK,VPLHGTIL,YYHKNNKSW",21986,26909,66
surface glycoprotein,"KSWMESEFRV,SWMESEFRVY,WMESEFRVY",22010,22042,181
surface glycoprotein,"SSANNCTFEY,VYSSANNCTF",22037,22072,248
surface glycoprotein,"CTFEYVSQPF,EYVSQPFLM,FEYVSQPFL",22058,22093,443
surface glycoprotein,FVFKNIDGY,22136,22162,8
surface glycoprotein,IYSKHTPINL,22169,22198,48
surface glycoprotein,TPINLVRDL,22184,22210,276
surface glycoprotein,LPQGFSAL,22208,22231,12
surface glycoprotein,LEPLVDLPI,22229,22255,548
surface glycoprotein,"DLPIGINITR,INITRFQTL,LPIGINITRF",22244,22285,103
surface glycoprotein,LLALHRSYL,22283,22309,30
surface glycoprotein,"AGAAAYYVGY,GAAAYYVGY,WTAGAAAYY,WTAGAAAYYV",22334,22369,27
surface glycoprotein,"YLQPRTFL,YLQPRTFLL,YYVGYLQPRTF",22355,22393,1563
surface glycoprotein,"ALDPLSETK,CALDPLSETK",22433,22462,14
surface glycoprotein,"CTLKSFTVEK,SETKCTLKSF,TLKSFTVEK",22451,22492,156
surface glycoprotein,"FPNITNLCPF,QPTESIVRF,RFPNITNLCPF,TESIVRFPNI,VQPTESIVRF,VRFPNITNL",22520,22576,1628
surface glycoprotein,"FGEVFNATRF,FNATRFASVY,GEVFNATRF,NATRFASVY",22574,22615,868
surface glycoprotein,RISNCVADY,22631,22657,68
surface glycoprotein,"LYNSASFSTF,NSASFSTFK,SVLYNSASF,YSVLYNSASF",22655,22696,62
surface glycoprotein,"CFTNVYADSF,FTNVYADSF,FTNVYADSFV,KLNDLCFTNV,LNDLCFTNVY,NVYADSFVIR,VYADSFVIR",22718,22771,496
surface glycoprotein,"APGQTGKIA,GQTGKIADY,KIADYNYKL,QTGKIADYNY,RQIAPGQTGK",22784,22837,120
surface glycoprotein,KLPDDFTGCV,22832,22861,1406
surface glycoprotein,NLDSKVGGNY,22880,22909,54
surface glycoprotein,"NYLYRLFRK,NYNYLYRLF",22904,22936,600
surface glycoprotein,RLFRKSNLK,22922,22948,30
surface glycoprotein,"FERDISTEI,FERDISTEIY,KPFERDISTEI",22946,22981,228
surface glycoprotein,NGVEGFNCY,23003,23029,11
surface glycoprotein,YFPLQSYGF,23027,23053,437
surface glycoprotein,FQPTNGVGY,23051,23077,64
surface glycoprotein,"GYQPYRVVVL,PYRVVVLSF,QPYRVVVL,QPYRVVVLSF",23072,23107,271
surface glycoprotein,GPKKSTNLV,23138,23164,9
surface glycoprotein,EILDITPCSF,23309,23338,284
surface glycoprotein,TSNQVAVLY,23372,23398,89
surface glycoprotein,"STGSNVFQTR,TGSNVFQTR,VYSTGSNVF",23465,23500,411
surface glycoprotein,"GAEHVNNSY,IGAEHVNNSY",23513,23542,88
surface glycoprotein,"IGAGICASY,IPIGAGICASY",23552,23584,140
surface glycoprotein,"QTNSPRRAR,SPRRARSVA,SYQTQTNSPR,TQTNSPRRAR",23579,23626,125
surface glycoprotein,"ASQSIIAYTM,RSVASQSII,SIIAYTMSL,SQSIIAYTM,VASQSIIAY",23615,23659,773
surface glycoprotein,"AENSVAYSN,AENSVAYSNN,LGAENSVAY",23657,23692,41
surface glycoprotein,"AIPTNFTISV,AYSNNSIAIPTNF,IPTNFTISV,NSIAIPTNF",23678,23728,884
surface glycoprotein,FTISVTTEIL,23714,23743,213
surface glycoprotein,TEILPVSMTK,23732,23761,30
surface glycoprotein,KTSVDCTMYI,23759,23788,178
surface glycoprotein,"LLLQYGSFC,LLQYGSFCT",23816,23845,130
surface glycoprotein,GSFCTQLNR,23831,23857,6
surface glycoprotein,TQLNRALTGI,23843,23872,8
surface glycoprotein,"QEVFAQVKQIY,VFAQVKQIYK",23897,23932,25
surface glycoprotein,"IYKTPPIKDF,KQIYKTPPIK",23918,23953,44
surface glycoprotein,ILPDPSKPSK,23975,24004,5
surface glycoprotein,LLFNKVTLA,24023,24049,104
surface glycoprotein,"LLTDEMIAQY,LTDEMIAQY,LTDEMIAQYT,VLPPLLTDEMIAQY",24140,24184,1164
surface glycoprotein,GTITSGWTF,24200,24226,72
surface glycoprotein,"IPFAMQMAY,LQIPFAMQM",24242,24274,84
surface glycoprotein,TQNVLYENQK,24296,24325,8
surface glycoprotein,NQKLIANQF,24317,24343,119
surface glycoprotein,"LSSTASALGK,SSTASALGK",24374,24403,9
surface glycoprotein,"ALNTLVKQL,AQALNTLVK",24428,24460,47
surface glycoprotein,"SVLNDILSR,VLNDILSRL",24485,24514,58
surface glycoprotein,RLDKVEAEV,24509,24535,52
surface glycoprotein,"AEVQIDRLI,AEVQIDRLIT,VEAEVQIDRL,VQIDRLITGR",24521,24562,267
surface glycoprotein,"GRLQSLQTY,LITGRLQSL,RLQSLQTYV",24548,24586,473
surface glycoprotein,"AEIRASANL,AEIRASANLA,ASANLAATK",24608,24646,221
surface glycoprotein,RVDFCGKGY,24677,24703,6
surface glycoprotein,"HLMSFPQSA,YHLMSFPQSA",24701,24730,107
surface glycoprotein,"FPQSAPHGV,FPQSAPHGVVF",24716,24748,226
surface glycoprotein,"APHGVVFL,APHGVVFLHV,GVVFLHVTY,VVFLHVTYV",24728,24766,501
surface glycoprotein,"HVTYVPAQEK,TYVPAQEKNF,VTYVPAQEK",24752,24787,74
surface glycoprotein,REGVFVSNGTHW,24833,24868,16
surface glycoprotein,GTHWFVTQR,24857,24883,115
surface glycoprotein,IITTDNTFV,24902,24928,2
surface glycoprotein,TVYDPLQPELDSFK,24968,25009,53
surface glycoprotein,DSFKEELDKY,24998,25027,5
surface glycoprotein,KEIDRLNEV,25103,25129,81
surface glycoprotein,RLNEVAKNL,25115,25141,8
surface glycoprotein,NLNESLIDL,25136,25162,219
surface glycoprotein,"LIDLQELGKY,QELGKYEQYI,QELGKYEQYIKW,SLIDLQELGK",25148,25198,12
surface glycoprotein,"QYIKWPWYI,YEQYIKWPW,YEQYIKWPWY",25178,25210,1775
surface glycoprotein,FIAGLIAIV,25220,25246,327
surface glycoprotein,"CMTSCCSCLK,MTSCCSCLK",25268,25297,160
surface glycoprotein,SEPVLKGVKL,25343,25372,152
ORF3a,"DLFMRIFTI,MDLFMRIFTI",25393,25422,117
ORF3a,RIFTIGTVTLK,25408,25440,142
ORF3a,FVRATATIPI,25474,25503,55
ORF3a,IPIQASLPF,25495,25521,129
ORF3a,"IVGVALLAVF,VGVALLAVF",25531,25560,56
ORF3a,"ITLKKRWQL,LKKRWQLAL,TLKKRWQLA,TLKKRWQLAL",25579,25611,145
ORF3a,ALSKGVHFV,25606,25632,441
ORF3a,"FVCNLLLLFV,LLFVTVYSHL,TVYSHLLLV",25627,25683,1532
ORF3a,"FLQSINFVR,FLQSINFVRI,FLYLYALVYF,GLEAPFLYLY,INFVRIIMR,LQSINFVRI,LQSINFVRII,QSINFVRII,SINFVRIIMR,VYFLQSINF,VYFLQSINFV,YFLQSINFVR,YLYALVYFL",25690,25770,3559
ORF3a,"LLYDANYFL,LLYDANYFLC,LYDANYFLCW,NPLLYDANY,PLLYDANYFL,YDANYFLCW",25801,25839,1122
ORF3a,"IPYNSVTSSI,PYNSVTSSI",25864,25893,26
ORF3a,"TSPISEHDY,TTSPISEHDY",25915,25944,20
ORF3a,"SEHDYQIGGYTEKW,YQIGGYTEK,YQIGGYTEKW",25930,25971,4492
ORF3a,"SYFTSDYYQL,VLHSYFTSDY,YFTSDYYQLY",25996,26037,1328
ORF3a,YYQLYSTQL,26023,26049,25
ORF3a,"GVEHVTFFIY,HVTFFIYNK,STDTGVEHVTFFIY,VEHVTFFIY",26050,26097,330
ORF3a,EEHVQIHTI,26113,26139,180
envelope,SEETGTLIV,26260,26286,64
envelope,SLVKPSFYV,26392,26418,131
envelope,YVYSRVKNL,26413,26439,19
membrane glycoprotein,GTITVEELK,26538,26564,66
membrane glycoprotein,"EELKKLLEQW,KLLEQWNLV,QWNLVIGFLF",26553,26606,192
membrane glycoprotein,WICLLQFAY,26613,26639,639
membrane glycoprotein,"FAYANRNRF,LQFAYANRNR,YANRNRFLY",26625,26663,460
membrane glycoprotein,"FLYIIKLIFL,FLYIIKLVFL,LYIIKLIFL,LYIIKLIFLW,RFLYIIKLIF,YIIKLIFLW,YIIKLIFLWL",26652,26690,977
membrane glycoprotein,"FLWLLWPVT,FLWLLWPVTL,LWLLWPVTL,LWPVTLACF,TLACFVLAAV,WLLWPVTLA,WPVTLACFVL",26679,26732,5643
membrane glycoprotein,LAAVYRINWI,26721,26750,4
membrane glycoprotein,"AIAMACLVGL,IAMACLVGLM",26763,26795,116
membrane glycoprotein,"FIASFRLFA,SYFIASFRLF,YFIASFRLF,YFIASFRLFA",26802,26834,384
membrane glycoprotein,"LFARTRSMW,RLFARTRSM",26823,26852,15
membrane glycoprotein,"MWSFNPETNI,SFNPETNIL,SMWSFNPET",26844,26879,462
membrane glycoprotein,"SELVIGAVI,SELVIGAVIL",26928,26957,1627
membrane glycoprotein,AVILRGHLR,26946,26972,12
membrane glycoprotein,"HLRIAGHHL,RIAGHHLGR",26964,26996,106
membrane glycoprotein,"ATSRTLSYY,ATSRTLSYYK,TSRTLSYYK,TVATSRTLSY",27027,27062,353
membrane glycoprotein,"ASQRVAGDSGFAAY,DSGFAAYSR,VAGDSGFAAY",27069,27116,57
membrane glycoprotein,RYRIGNYKL,27114,27140,17
ORF6,HLVDFQVTI,27208,27234,190
ORF6,VTIAEILLI,27226,27252,139
ORF6,"FKVSIWNLDY,ILLIIMRTFK,IMRTFKVSI,KVSIWNLDY,KVSIWNLDYI,LIIMRTFKV,RTFKVSIWNL,SIWNLDYII,TFKVSIWNL,VSIWNLDYII",27241,27300,744
ORF6,LDYIINLII,27286,27312,22
ORF6,"IIKNLSKSL,LSKSLTENKY,NLSKSLTENK",27307,27348,19
ORF7a,"CELYHYQECV,ITLATCELY,LITLATCELY,TLATCELYHY",27418,27465,655
ORF7a,QECVRGTTVL,27454,27483,208
ORF7a,YEGNSPFHPL,27511,27540,102
ORF7a,"HPLADNKFAL,SPFHPLADNKFAL",27523,27561,256
ORF7a,"CPDGVKHVY,DGVKHVYQL,FAFACPDGVKHVY",27580,27624,214
ORF7a,"RARSVSPKL,SVSPKLFIR",27625,27660,137
ORF7a,KLFIRQEEV,27646,27672,28
ORF7a,"ELYSPIFLI,LYSPIFLIV,QELYSPIFL,VQELYSPIF,VQELYSPIFL",27670,27705,2408
ORF7a,"VFITLCFTL,VFITLCFTLK",27715,27744,146
ORF7b,"AFLLFLVLI,FLAFLLFLV,FYLCFLAFL,FYLCFLAFLL,IDFYLCFLAF,IELSLIDFYL,LIDFYLCFL,LLFLVLIML,MIELSLIDFY,SLIDFYLCFL,YLCFLAFLL",27756,27830,17353
ORF7b,"IMLIIFWFSL,MLIIFWFSL",27822,27851,1547
ORF8,"VDDPCPIHFY,VVDDPCPIHFY,YVVDDPCPI",27984,28019,365
ORF8,"RVGARKSAPL,VGARKSAPL",28035,28064,8
ORF8,IQYIDIGNY,28104,28130,241
ORF8,"GNYTVSCLPF,NYTVSCLPF,YTVSCLPFTI",28122,28157,366
ORF8,"DFLEYHDVR,EDFLEYHDVR,LEYHDVRVV,LEYHDVRVVL,YEDFLEYHDVRVVL",28206,28247,1814
nucleocapsid phosphoprotein,LPNNTASWF,28406,28432,7
nucleocapsid phosphoprotein,"FPRGQGVPI,KFPRGQGVPI",28466,28495,66
nucleocapsid phosphoprotein,"NSSPDDQIGY,NTNSSPDDQIGYY,SSPDDQIGY,SSPDDQIGYY",28496,28534,173
nucleocapsid phosphoprotein,YYRRATRRIR,28529,28558,86
nucleocapsid phosphoprotein,"RIRGGDGKM,RIRGGDGKMK",28550,28579,113
nucleocapsid phosphoprotein,KMKDLSPRW,28571,28597,42
nucleocapsid phosphoprotein,"LSPRWYFYY,SPRWYFYYL",28583,28612,3743
nucleocapsid phosphoprotein,GTGPEAGLPY,28613,28642,8
nucleocapsid phosphoprotein,"ALNTPKDHI,ATEGALNTPK",28673,28711,620
nucleocapsid phosphoprotein,"NPANNAAIV,NPANNAAIVL,RNPANNAAIV",28718,28750,362
nucleocapsid phosphoprotein,"GTTLPKGFY,LQLPQGTTL,QLPQGTTLPK,TTLPKGFYA,VLQLPQGTTL",28745,28792,135
nucleocapsid phosphoprotein,AEGSRGGSQA,28790,28819,5
nucleocapsid phosphoprotein,SQASSRSSSR,28811,28840,48
nucleocapsid phosphoprotein,SSRGTSPAR,28874,28900,4
nucleocapsid phosphoprotein,"ALALLLLDR,GDAALALLLL,LALLLLDRL,LLLDRLNQL,LLLLDRLNQ,LLLLDRLNQL",28916,28963,898
nucleocapsid phosphoprotein,"QQQGQTVTK,QQQQGQTVTK",28988,29017,92
nucleocapsid phosphoprotein,KAYNVTQAF,29069,29095,1762
nucleocapsid phosphoprotein,"ELIRQGTDY,QELIRQGTDY,QELIRQGTDYKHW",29138,29176,177
nucleocapsid phosphoprotein,"APSASAFFGM,AQFAPSASA,ASAFFGMSR,SASAFFGMSR",29186,29230,512
nucleocapsid phosphoprotein,"GMSRIGMEV,SRIGMEVTPSGTW",29219,29263,57
nucleocapsid phosphoprotein,"GMEVTPSGTWL,MEVTPSGTWL,TPSGTWLTY,VTPSGTWLTY",29234,29272,2063
nucleocapsid phosphoprotein,"ILLNKHID,ILLNKHIDA",29324,29350,9
nucleocapsid phosphoprotein,"AYKTFPPTEPK,KTFPPTEPK",29348,29380,1858
nucleocapsid phosphoprotein,LPAADLDDF,29456,29482,140
nucleocapsid phosphoprotein,FSKQLQQSM,29480,29506,44
ORF10,"AFPFTIYSL,GYINVFAFPF,INVFAFPFTI,MGYINVFAF,NVFAFPFTI,NVFAFPFTIY,YINVFAFPF",29558,29605,5722
ORF10,"LLCRMNSRNY,LLLCRMNSR,RMNSRNYIA,SLLLCRMNSR",29600,29641,29
ORF10,"AQVDVVNFNL,NYIAQVDVV",29630,29668,124
